point,tip,x_m,y_m
0,left,-0.003535533906,-0.003535533906
1,left,-0.0045254834,-0.00339411255
2,left,-0.005713422792,-0.003224406922
3,left,-0.007138950063,-0.003020760169
4,left,-0.008849582787,-0.002776384066
5,left,-0.01092185995,-0.002702327921
6,left,-0.01340859255,-0.002613460547
0,right,0.003535533906,0.003535533906
1,right,0.0045254834,0.00339411255
2,right,0.005713422792,0.003224406922
3,right,0.007138950058,0.00302076017
4,right,0.008849582783,0.002776384066
5,right,0.01092185993,0.002702327942
6,right,0.01340859249,0.002613460594
