x_m,COD_m,COD_exact_m
-0.004992421691,6.913580426e-07,5.008329862e-07
-0.004978609536,9.914316113e-07,8.408460804e-07
-0.004964063951,1.258418328e-06,1.089067509e-06
-0.004945220083,1.469841663e-06,1.343350286e-06
-0.004928543352,1.588552759e-06,1.532976422e-06
-0.004915643407,1.725654293e-06,1.664528955e-06
-0.004901502855,1.879232658e-06,1.797354603e-06
-0.004886083214,2.000990722e-06,1.931422921e-06
-0.00486934554,2.150795055e-06,2.066701169e-06
-0.004851250474,2.273543335e-06,2.203154043e-06
-0.004831758294,2.424167789e-06,2.340743448e-06
-0.004810828969,2.549333333e-06,2.479428308e-06
-0.004788422224,2.701464013e-06,2.619164397e-06
-0.004764497603,2.829128649e-06,2.759904186e-06
-0.004739014544,2.982824497e-06,2.901596699e-06
-0.004711932453,3.112803605e-06,3.044187383e-06
-0.004683210795,3.267941027e-06,3.187617981e-06
-0.004652809177,3.399970304e-06,3.331826416e-06
-0.004620687446,3.556342645e-06,3.476746684e-06
-0.004586805793,3.690120648e-06,3.622308747e-06
-0.00455112486,3.847466826e-06,3.768438446e-06
-0.004513605854,3.98266477e-06,3.915057411e-06
-0.004474210668,4.140678724e-06,4.062082988e-06
-0.00443290201,4.276941603e-06,4.209428174e-06
-0.004389643533,4.43527563e-06,4.357001563e-06
-0.004344399978,4.572221072e-06,4.504707304e-06
-0.004297137314,4.730487122e-06,4.652445074e-06
-0.004247822893,4.867703928e-06,4.800110065e-06
-0.004196425601,5.025474297e-06,4.947592985e-06
-0.004142916021,5.162521328e-06,5.094780078e-06
-0.004087266597,5.319329378e-06,5.241553161e-06
-0.004029451801,5.455735019e-06,5.387789681e-06
-0.003969448302,5.611076245e-06,5.533362788e-06
-0.003907235145,5.746338594e-06,5.678141437e-06
-0.003842793923,5.899672215e-06,5.821990506e-06
-0.003776108951,6.033260014e-06,5.964770939e-06
-0.003707167445,6.184011203e-06,6.106339914e-06
-0.003635959698,6.315365587e-06,6.246551035e-06
-0.003562479249,6.462928434e-06,6.385254551e-06
-0.003486723056,6.591465512e-06,6.522297597e-06
-0.00340869166,6.735206797e-06,6.657524467e-06
-0.003328389346,6.860321108e-06,6.790776909e-06
-0.003245824292,6.999584906e-06,6.921894447e-06
-0.00316100872,7.12065373e-06,7.050714735e-06
-0.003073959026,7.254766872e-06,7.177073924e-06
-0.002984695906,7.371155404e-06,7.300807069e-06
-0.002893244469,7.499433782e-06,7.42174855e-06
-0.002799634333,7.61050112e-06,7.53973252e-06
-0.002703899711,7.732256781e-06,7.654593369e-06
-0.002606079477,7.837362666e-06,7.766166219e-06
-0.002506217214,7.951911629e-06,7.874287426e-06
-0.002404361247,8.05042384e-06,7.9787951e-06
-0.002300564657,8.157094514e-06,8.079529642e-06
-0.002194885265,8.248396792e-06,8.176334286e-06
-0.002087385604,8.346538861e-06,8.269055654e-06
-0.00197813287,8.43003922e-06,8.357544306e-06
-0.001867198839,8.519032795e-06,8.441655305e-06
-0.001754659771,8.594172002e-06,8.521248763e-06
-0.001640596288,8.673436848e-06,8.596190395e-06
-0.001525093227,8.739696902e-06,8.666352051e-06
-0.00140823947,8.808701509e-06,8.731612242e-06
-0.001290127753,8.865613875e-06,8.791856649e-06
-0.00117085445,8.923884128e-06,8.846978601e-06
-0.00105051934,8.971037478e-06,8.89687954e-06
-0.0009292253462,9.01816466e-06,8.941469451e-06
-0.0008070782651,9.055211918e-06,8.980667256e-06
-0.0006841864706,9.090859822e-06,9.014401184e-06
-0.0005606606053,9.117524268e-06,9.042609089e-06
-0.000436613257,9.141435201e-06,9.065238741e-06
-0.0003121586222,9.157515467e-06,9.082248058e-06
-0.0001874121597,9.169514962e-06,9.093605309e-06
-6.24902359e-05,9.17488873e-06,9.099289257e-06
6.24902359e-05,9.174888734e-06,9.099289257e-06
0.0001874121597,9.169514967e-06,9.093605309e-06
0.0003121586222,9.157515467e-06,9.082248058e-06
0.000436613257,9.141435191e-06,9.065238741e-06
0.0005606606053,9.11752425e-06,9.042609089e-06
0.0006841864706,9.090859807e-06,9.014401184e-06
0.0008070782651,9.055211912e-06,8.980667256e-06
0.0009292253462,9.018164664e-06,8.941469451e-06
0.00105051934,8.97103749e-06,8.89687954e-06
0.00117085445,8.923884141e-06,8.846978601e-06
0.001290127753,8.865613884e-06,8.791856649e-06
0.00140823947,8.808701512e-06,8.731612242e-06
0.001525093227,8.739696896e-06,8.666352051e-06
0.001640596288,8.673436835e-06,8.596190395e-06
0.001754659771,8.594171986e-06,8.521248763e-06
0.001867198839,8.519032779e-06,8.441655305e-06
0.00197813287,8.430039207e-06,8.357544306e-06
0.002087385604,8.346538852e-06,8.269055654e-06
0.002194885265,8.248396785e-06,8.176334286e-06
0.002300564657,8.15709451e-06,8.079529642e-06
0.002404361247,8.050423837e-06,7.9787951e-06
0.002506217214,7.951911629e-06,7.874287426e-06
0.002606079477,7.837362668e-06,7.766166219e-06
0.002703899711,7.732256783e-06,7.654593369e-06
0.002799634333,7.61050112e-06,7.53973252e-06
0.002893244469,7.499433779e-06,7.42174855e-06
0.002984695906,7.371155397e-06,7.300807069e-06
0.003073959026,7.254766862e-06,7.177073924e-06
0.00316100872,7.120653717e-06,7.050714735e-06
0.003245824292,6.999584893e-06,6.921894447e-06
0.003328389346,6.860321095e-06,6.790776909e-06
0.00340869166,6.735206786e-06,6.657524467e-06
0.003486723056,6.591465503e-06,6.522297597e-06
0.003562479249,6.462928427e-06,6.385254551e-06
0.003635959698,6.315365582e-06,6.246551035e-06
0.003707167445,6.184011201e-06,6.106339914e-06
0.003776108951,6.033260013e-06,5.964770939e-06
0.003842793923,5.899672214e-06,5.821990506e-06
0.003907235145,5.746338591e-06,5.678141437e-06
0.003969448302,5.61107624e-06,5.533362788e-06
0.004029451801,5.455735011e-06,5.387789681e-06
0.004087266597,5.319329369e-06,5.241553161e-06
0.004142916021,5.16252132e-06,5.094780078e-06
0.004196425601,5.025474291e-06,4.947592985e-06
0.004247822893,4.867703923e-06,4.800110065e-06
0.004297137314,4.730487116e-06,4.652445074e-06
0.004344399978,4.572221065e-06,4.504707304e-06
0.004389643533,4.435275623e-06,4.357001563e-06
0.00443290201,4.276941597e-06,4.209428174e-06
0.004474210668,4.14067872e-06,4.062082988e-06
0.004513605854,3.982664768e-06,3.915057411e-06
0.00455112486,3.847466825e-06,3.768438446e-06
0.004586805793,3.690120646e-06,3.622308747e-06
0.004620687446,3.556342642e-06,3.476746684e-06
0.004652809177,3.399970299e-06,3.331826416e-06
0.004683210795,3.267941022e-06,3.187617981e-06
0.004711932453,3.1128036e-06,3.044187383e-06
0.004739014544,2.982824493e-06,2.901596699e-06
0.004764497603,2.829128646e-06,2.759904186e-06
0.004788422224,2.70146401e-06,2.619164397e-06
0.004810828969,2.549333331e-06,2.479428308e-06
0.004831758294,2.424167788e-06,2.340743448e-06
0.004851250474,2.273543335e-06,2.203154043e-06
0.00486934554,2.150795055e-06,2.066701169e-06
0.004886083214,2.000990721e-06,1.931422921e-06
0.004901502855,1.879232657e-06,1.797354603e-06
0.004915643407,1.725654292e-06,1.664528955e-06
0.004928543352,1.588552757e-06,1.532976422e-06
0.004945220083,1.469841663e-06,1.343350286e-06
0.004964063951,1.258418328e-06,1.089067509e-06
0.004978609536,9.914316117e-07,8.408460804e-07
0.004992421691,6.913580428e-07,5.008329862e-07
