step,tip,x_m,y_m,KI,KII,Keff,theta_deg,delta_a_m,grew,reason,L_before_m,KI_projected
1,left,-0.003535533906,-0.003535533906,6450137.526,-6450137.526,9121871.968,-53.13010235,0.001,True,,0.01,
1,right,0.003535533906,0.003535533906,6450137.526,6450137.526,9121871.968,-53.13010235,0.0009999999999,True,,0.01,10539073.65
2,left,-0.0045254834,-0.00339411255,13570233.33,-961.8022948,13570233.36,0,0.0012,True,,0.012,
2,right,0.0045254834,0.00339411255,13570233.33,961.8009371,13570233.36,0,0.0012,True,,0.012,11923600.72
3,left,-0.005713422792,-0.003224406922,14922250.58,241643.1652,14924206.97,0,0.00144,True,,0.0144,
3,right,0.005713422792,0.003224406922,14922250.54,-241643.1443,14924206.93,0,0.001439999995,True,,0.0144,13397480.01
4,left,-0.007138950063,-0.003020760169,16530151.84,605227.8353,16541227.9,0,0.001727999999,True,,0.01728,
4,right,0.007138950058,0.00302076017,16530151.84,-605227.8332,16541227.91,0,0.001728,True,,0.01728,14975871.61
5,left,-0.008849582787,-0.002776384066,18517447.04,989563.8895,18543869.11,6.083416852,0.002073599999,True,,0.02073599999,
5,right,0.008849582783,0.002776384066,18517446.92,-989563.9742,18543869,6.083417405,0.002073599986,True,,0.02073599999,16673867.06
6,left,-0.01092185995,-0.002702327921,20518075.3,-158990.1734,20518691.28,0,0.002488319998,True,,0.02488319998,
6,right,0.01092185993,0.002702327942,20518075.01,158990.5917,20518691,0,0.002488319962,True,,0.02488319998,18523508.02
